{"nodes":{"node:1":{"location":{"x":0,"y":0}},"node:2":{"location":{"x":-400,"y":250}},"node:3":{"location":{"x":0,"y":250}},"node:4":{"location":{"x":400,"y":250}},"node:5":{"location":{"x":400,"y":250}},"node:6":{"location":{"x":200,"y":500}}},"selection":null,"view":{"scroll":{"x":100.965179443359375,"y":-197.889892578125},"visible_rect":{"max":{"x":1303.9537353515625,"y":517.480224609375},"min":{"x":134.620254516601562,"y":-263.85321044921875}},"zoom":0.749999940395355225}}