{"nodes":{"node:1":{"location":{"x":0,"y":0}},"node:2":{"location":{"x":-160,"y":180}},"node:3":{"location":{"x":310,"y":252}},"node:4":{"location":{"x":0,"y":360}},"node:5":{"location":{"x":320,"y":180}},"node:6":{"location":{"x":160,"y":360}}},"selection":null,"view":{"scroll":{"x":-506.59228515625,"y":-268.61016845703125},"visible_rect":{"max":{"x":2210.40771484375,"y":786.38983154296875},"min":{"x":-506.59228515625,"y":-268.61016845703125}},"zoom":1}}