{"nodes":{"node:1":{"location":{"x":75,"y":-10}},"node:2":{"location":{"x":-406,"y":236}},"node:3":{"location":{"x":22,"y":172}},"node:4":{"location":{"x":-200,"y":500}},"node:5":{"location":{"x":534,"y":172}},"node:6":{"location":{"x":200,"y":500}}},"selection":["node:4"],"view":{"scroll":{"x":-85.98272705078125,"y":-46.0753135681152344},"visible_rect":{"max":{"x":1054.6898193359375,"y":719.899658203125},"min":{"x":-114.643646240234375,"y":-61.4337577819824219}},"zoom":0.749999940395355225}}